Tiempo[ms],Ax,Ay,Az,Gx,Gy,Gz,Clase
46,-0.354,-2.312,9.516,-0.066,0.064,-0.033,Clase 1
30552,-0.351,-2.425,9.544,2.163,0.049,0.318,Clase 1
30656,-0.361,-2.298,9.501,0.117,0.11,-0.17,Clase 1
30761,-0.356,-2.322,9.518,-0.013,-0.05,-0.064,Clase 1
30866,-0.356,-2.391,9.588,0.163,0.019,-0.002,Clase 1
30971,-0.313,-2.336,9.556,0.43,-0.096,0.104,Clase 1
31076,-0.358,-2.343,9.554,0.888,-0.249,0.051,Clase 1
31181,-0.311,-2.365,9.542,0.591,-0.081,0.242,Clase 1
31286,-0.366,-2.37,9.533,-0.142,-0.279,-0.254,Clase 1
31391,-0.38,-2.382,9.566,-0.89,-0.004,-0.002,Clase 1
31496,-0.401,-2.326,9.552,-0.058,-0.157,-0.17,Clase 1
31600,-0.38,-2.271,9.635,-0.043,-0.302,-0.155,Clase 1
31706,-0.358,-2.355,9.463,-2.28,-0.21,-0.445,Clase 1
31810,-0.325,-2.336,9.442,-0.99,-0.317,0.097,Clase 1
31916,-0.368,-2.334,9.573,1.713,0.049,0.242,Clase 1
32020,-0.322,-2.314,9.475,1.583,0.24,0.303,Clase 1
32125,-0.366,-2.231,9.518,1.384,0.072,0.158,Clase 1
32230,-0.375,-2.298,9.578,-0.417,0.064,0.112,Clase 1
32335,-0.361,-2.355,9.583,-0.158,0.003,-0.033,Clase 1
67,-0.356,-2.281,9.509,0.041,0.08,-0.079,Clase 1
212,-0.361,-2.324,9.446,-0.577,0.019,-0.17,Clase 1
317,-0.387,-2.307,9.422,0.178,-0.065,-0.186,Clase 2
421,-0.311,-2.24,9.511,0.003,0.034,0.127,Clase 2
527,-0.349,-2.257,9.561,0.369,-0.058,-0.086,Clase 2
631,-0.385,-2.3,9.506,0.43,0.003,0.02,Clase 2
737,-0.39,-2.319,9.497,1.881,0.11,0.295,Clase 2
841,-0.385,-2.259,9.559,1.026,-0.012,0.211,Clase 2
946,-0.361,-2.252,9.576,0.675,0.179,0.036,Clase 2
1051,-0.346,-2.257,9.494,1.873,0.118,0.104,Clase 2
1156,-0.411,-2.226,9.669,2.736,0.156,0.265,Clase 2
1260,-0.322,-2.238,9.681,3.354,0.805,0.768,Clase 2
1366,-0.409,-2.283,9.571,2.72,0.156,0.471,Clase 2
1470,-0.38,-2.322,9.487,0.69,0.118,-0.216,Clase 2
1575,-0.334,-2.233,9.652,0.209,-0.081,0.005,Clase 2
1680,-0.449,-2.238,9.59,-0.455,0.042,-0.079,Clase 2
1784,-0.373,-2.274,9.537,-0.051,0.026,-0.102,Clase 2
1890,-0.409,-2.188,9.537,-0.341,0.057,0.005,Clase 2
1994,-0.313,-2.276,9.535,4.468,0.492,0.646,Clase 2
2100,-0.375,-2.298,9.516,2.148,0.049,0.295,Clase 2
2204,-0.342,-2.267,9.53,0.056,-0.027,-0.079,Clase 2
2309,-0.382,-2.231,9.597,1.041,0.103,-0.14,Clase 2
2414,-0.528,-2.03,9.53,0.896,-0.493,0.089,Clase 2
2519,-0.605,-0.124,11.117,85.797,10.721,-23.392,Clase 2
2624,-4.22,-3.636,19.145,60.362,33.126,13.555,Clase 2
2728,0.211,0.197,5.371,-1.402,-130.21,-48.308,Clase 2
2834,-1.491,-1.374,2.417,51.415,211.37,49.578,Clase 2
2938,-7.692,-0.828,8.984,-18.616,-250.813,-183.079,Clase 2
3044,1.758,-0.794,-13.952,-38.379,188.439,131.601,Clase 2
3149,-10.117,-6.303,15.994,-101.242,-250.813,-248.69,Clase 2
3255,4.832,11.699,-16.679,-75.142,47.927,11.906,Clase 2
3359,-12.533,-18.358,19.145,-59.058,-250.813,-54.048,Clase 2
3465,5.112,7.327,-14.161,-43.486,-25.653,-150.544,Clase 2
3570,-11.381,-15.253,19.145,-36.432,-250.813,39.944,Clase 2
3675,3.999,2.469,-16.236,-54.562,93.171,-82.14,Clase 2
3780,-8.357,-9.193,19.145,-41.348,-250.813,-80.148,Clase 2
3886,6.563,4.803,-17.271,-24.669,52.187,-95.415,Clase 2
3990,-11.621,-10.182,19.145,-47.99,-250.813,-6.293,Clase 2
4096,5.112,4.942,-16.215,-44.387,49.278,-106.674,Clase 2
4201,-10.586,-8.736,19.145,-15.104,-250.813,-49.064,Clase 2
4305,5.115,-0.689,-10.299,-36.638,140.103,-71.399,Clase 2
4411,-3.768,-7.179,19.145,-27.089,-226.577,16.623,Clase 2
4516,6.98,8.522,-14.838,-31.501,13.637,-166.392,Clase 2
4621,-7.285,-2.789,19.145,-7.57,-250.813,-5.957,Clase 2
4726,3.975,3.379,-7.32,-18.89,106.713,-50.002,Clase 2
4831,-0.634,0.051,8.979,18.339,-250.813,-99.69,Clase 2
4936,4.622,4.997,-11.187,-16.226,162.919,91.845,Clase 2
5042,-0.198,3.853,-1.028,-17.104,-250.813,-101.468,Clase 2
5146,3.262,6.57,-5.996,0.003,249.454,11.417,Clase 2
5252,0.812,7.04,10.351,17.522,-195.119,-87.186,Clase 2
5357,3.81,3.834,-8.956,-23.89,197.645,51.944,Clase 2
5462,1.322,4.552,6.296,-11.944,-211.462,-85.01,Clase 2
5567,2.95,4.475,-7.062,-28.005,249.454,6.784,Clase 2
5671,3.264,4.49,-1.821,3.667,-195.6,-12.163,Clase 2
5777,1.145,5.948,3.885,-42.822,249.454,53.081,Clase 2
5881,0.97,0.511,9.928,48.316,-117.821,98.402,Clase 2
5987,-1.182,0.796,9.664,-24.471,249.454,19.86,Clase 2
6092,1.207,1.205,11.912,28.804,-66.226,64.998,Clase 2
6197,0.796,3.202,12.02,24.423,24.606,27.051,Clase 2
6302,1.121,-1.139,9.07,-6.845,7.301,-3.453,Clase 1
6407,0.056,1.023,12.365,-22.348,80.889,-23.766,Clase 1
6512,-1.151,3.736,12.331,-47.303,133.599,-33.247,Clase 1
6617,-1.134,-1.333,9.719,-103.035,88.561,13.12,Clase 1
6722,-1.081,-3.016,9.714,-85.127,-16.775,-28.804,Clase 1
6828,0.027,-3.703,9.202,-102.707,-14.905,-21.056,Clase 1
6932,-0.152,-3.753,8.905,-3.341,-0.294,-3.422,Clase 1
7037,-0.217,-3.667,9.051,-17.28,-2.081,-4.071,Clase 1
7142,-0.246,-3.84,8.97,0.278,-0.233,0.242,Clase 1
7247,-0.21,-3.77,9.032,-2.547,-0.6,-0.552,Clase 1
7352,-0.291,-3.775,9.075,3.331,0.217,0.578,Clase 1
7456,-0.354,-3.691,9.061,0.423,-0.149,0.066,Clase 1
7562,-0.306,-3.686,9.106,2.72,0.179,0.601,Clase 1
7666,-0.308,-3.705,9.063,0.369,-0.103,0.173,Clase 1
7771,-0.349,-3.682,9.087,1.659,0.049,0.417,Clase 1
7876,-0.296,-3.646,9.181,1.362,-0.012,0.318,Clase 1
7981,-0.282,-3.667,9.164,1.293,0.049,0.135,Clase 1
8086,-0.287,-3.634,9.154,0.033,-0.065,-0.071,Clase 1
8190,-0.318,-3.571,9.161,1.186,-0.02,0.234,Clase 1
8296,-0.284,-3.598,9.087,0.377,-0.058,-0.079,Clase 1
8400,-0.306,-3.579,9.171,1.056,0.141,0.242,Clase 1
8505,-0.287,-3.598,9.082,0.514,-0.088,-0.025,Clase 1
8610,-0.308,-3.55,9.159,0.751,0.087,0.127,Clase 1
8715,-0.334,-3.547,9.188,0.636,0.087,-0.079,Clase 1
8820,-0.37,-3.543,9.121,0.499,-0.065,0.188,Clase 1
8925,-0.272,-3.521,9.128,0.56,0.003,0.028,Clase 1
9029,-0.294,-3.447,9.152,0.453,-0.035,-0.002,Clase 1
9135,-0.349,-3.5,9.104,0.583,0.225,0.074,Clase 1
9239,-0.339,-3.528,9.125,0.438,0.034,0.143,Clase 1
9344,-0.322,-3.476,9.154,0.499,-0.027,0.097,Clase 1
9449,-0.217,-3.547,9.097,0.438,-0.065,0.059,Clase 1
9553,-0.351,-3.519,9.228,0.522,-0.218,0.097,Clase 1
9659,-0.27,-3.526,9.257,2.003,0.034,0.402,Clase 1
9763,0.7,-3.887,6.319,37.461,13.591,-70.491,Clase 1
9869,-0.097,-3.662,9.001,-16.417,-1.928,-2.262,Clase 3
9973,-3.966,-1.388,10.124,109.125,-26.577,-0.453,Clase 3
10079,-4.668,-4.165,19.145,37.262,72.492,67.662,Clase 3
10183,0.097,-1.201,4.517,35.621,-238.424,-116.628,Clase 3
10289,2.306,0.125,1.715,-8.585,229.042,-30.071,Clase 3
10394,-3.54,2.017,15.571,-21.18,-182.149,-7.621,Clase 3
10499,4.284,-0.967,-3.159,-52.348,176.981,32.517,Clase 3
10604,-7.563,-18.09,16.78,-63.02,-250.813,-88.331,Clase 3
10710,6.556,3.204,-11.924,-23.677,131.286,-141.086,Clase 3
10814,-7.323,-17.393,17.728,-102.264,-250.813,-72.903,Clase 3
10919,6.195,-0.77,-9.93,14.949,112.751,-118.964,Clase 3
11025,-4.259,-12.691,10.359,-120.226,-250.813,-84.911,Clase 3
11130,4.945,0.841,-4.775,44.865,238.011,-16.835,Clase 3
11235,-0.519,-1.18,-2.154,-40.142,-250.813,-208.117,Clase 3
11340,4.126,4.31,-8.362,-4.272,249.454,68.998,Clase 3
11446,1.047,0.434,-0.286,-1.638,-207.508,-168.857,Clase 3
11550,4.583,7.078,-12.396,0.415,249.454,59.12,Clase 3
11656,-3.105,1.277,4.395,-34.784,-237.439,-127.85,Clase 3
11761,3.745,19.578,-7.811,-104.31,66.98,-104.468,Clase 3
11866,-4.132,-19.648,15.37,-93.623,-70.905,-248.69,Clase 3
11971,2.948,19.578,-7.394,-38.242,182.4,37.028,Clase 3
12077,-4.148,-19.488,17.295,-55.219,-82.134,-248.69,Clase 3
12181,-1.139,12.975,5.043,-33.425,231.813,72.967,Clase 3
12286,-6.756,-19.648,10.825,7.216,-246.829,-203.911,Clase 3
12392,-8.937,13.552,15.99,-4.829,249.454,3.165,Clase 3
12496,-6.634,-19.648,19.145,-56.761,-250.813,-248.69,Clase 3
12602,-11.24,19.578,14.175,-40.562,249.454,43.28,Clase 3
12707,-7.565,-18.787,19.145,-16.921,-180.226,-248.69,Clase 3
12813,-5.824,19.578,1.658,-7.837,249.454,27.31,Clase 3
12917,-5.202,-19.648,12.504,-74.944,-194.882,45.646,Clase 3
13023,0.863,9.123,-7.361,-6.89,249.454,-118.094,Clase 3
13128,-6.674,0.073,19.145,30.949,-172.775,251.578,Clase 3
13234,5.898,13.341,-20.081,-93.707,143.003,-209.048,Clase 3
13338,-12.14,2.048,19.145,96.239,-250.813,251.578,Clase 3
13444,7.052,16.186,-20.081,-87.448,249.454,-5.216,Clase 3
13549,-6.095,-17.676,-2.362,-15.814,-250.813,251.578,Clase 3
13655,1.938,8.256,-17.776,-16.73,249.454,-48.544,Clase 3
13759,-4.888,-14.965,-0.176,-63.15,-250.813,214.31,Clase 3
13864,4.174,10.176,-18.18,-81.478,170.522,-158.56,Clase 3
13970,-13.072,2.081,19.145,-78.89,-250.813,251.578,Clase 3
14075,5.007,12.592,-20.081,-103.013,129.759,-132.995,Clase 3
14180,-14.707,3.4,19.145,-135.539,-250.813,251.578,Clase 3
14285,4.102,7.583,-20.081,-111.722,34.751,-126.804,Clase 3
14391,-18.681,9.585,19.145,-102.234,-250.813,251.578,Clase 3
14496,-2.966,5.385,-20.081,-203.814,-250.813,-228.59,Clase 3
14602,-18.241,15.925,19.145,16.186,20.011,251.578,Clase 3
14706,0.705,10.31,-4.517,-103.913,-250.813,-235.972,Clase 3
14812,-9.14,12.953,19.145,35.858,249.454,169.7,Clase 3
14917,-5.992,-19.648,-1.148,-154.173,-250.813,-245.102,Clase 3
15023,-5.302,5.366,6.111,37.354,249.454,-82.873,Clase 3
15127,-0.042,-14.582,5.13,130.262,-146.607,115.28,Clase 3
15233,1.574,5.215,-10.837,53.881,212.79,36.288,Clase 3
15338,-1.802,-5.913,-0.968,-74.226,-189.31,180.539,Clase 3
15442,-2.956,-1.017,13.979,-88.013,-12.905,5.509,Clase 3
15548,1.229,3.764,5.005,-248.7,-95.081,-80.483,Clase 3
15653,4.847,-2.985,-4.308,-54.119,168.851,7.685,Clase 3
15758,-0.54,-3.26,9.825,-80.264,-15.47,-6.27,Clase 3
15863,0.219,-4.419,8.307,3.453,3.95,-8.59,Clase 3
15968,-0.315,-4.156,8.972,-2.547,-0.653,-0.827,Clase 3
16073,-0.263,-4.35,8.769,8.835,0.698,1.555,Clase 3
16178,-0.327,-4.139,8.972,-0.463,-0.134,0.02,Clase 3
16283,-0.277,-4.247,8.788,3.636,0.225,0.669,Clase 1
16388,-0.296,-4.033,8.989,2.285,0.087,0.066,Clase 1
16493,-0.291,-4.153,8.92,3.682,0.332,0.738,Clase 1
16598,-0.311,-4.055,9.078,3.835,0.278,0.914,Clase 1
16702,-0.311,-4.017,8.929,1.194,-0.165,0.036,Clase 1
16807,-0.311,-4.019,9.025,1.377,0.179,0.379,Clase 1
16912,-0.406,-4.01,9.075,1.453,0.118,0.265,Clase 1
17017,-0.263,-3.969,9.02,1.621,0.217,0.227,Clase 1
17122,-0.351,-3.943,8.991,1.133,-0.088,0.219,Clase 1
17227,-0.287,-3.907,8.956,1.43,0.095,0.227,Clase 1
17332,-0.193,-3.938,9.011,1.148,0.156,0.364,Clase 1
17437,-0.334,-3.902,8.994,1.133,0.064,0.165,Clase 1
17542,-0.318,-3.892,9.013,1.186,-0.004,0.28,Clase 1
17646,-0.311,-3.88,9.018,1.163,0.24,0.181,Clase 1
17752,-0.368,-3.837,9.133,1.018,-0.195,0.204,Clase 1
17856,-0.421,-4.192,9.049,1.514,0.133,0.669,Clase 1
17961,-0.313,-3.897,9.073,2.56,0.118,0.646,Clase 1
18066,-0.263,-3.828,8.939,1.583,0.057,0.249,Clase 1
18171,-0.478,-3.761,9.008,2.369,0.851,0.326,Clase 1
18276,0.724,-3.892,8.125,-23.18,0.881,-18.163,Clase 1
18381,-0.181,-3.751,9.125,-12.249,-0.027,1.135,Clase 1
18486,-0.428,-3.725,9.322,8.186,0.767,1.669,Clase 1
18591,-0.327,-3.904,9.092,-8.432,-1.21,-1.712,Clase 1
18696,-0.33,-3.852,9.035,1.858,0.011,0.02,Clase 1
18801,-0.327,-3.875,8.987,-4.356,-0.439,-1.018,Clase 1
18906,-0.303,-3.94,9.082,2.293,0.309,0.578,Clase 2
19010,-0.313,-3.969,8.917,-0.379,-0.088,0.036,Clase 2
19116,-0.227,-3.878,9.039,2.499,-0.073,0.234,Clase 2
19220,-1.5,-0.586,10.782,96.14,19.591,13.73,Clase 2
19325,-1.117,-3.169,17.089,-1.669,-107.508,-82.987,Clase 2
19431,-1.393,0.559,12.159,180.216,-250.813,-26.697,Clase 2
19535,-4.893,0.178,-5.513,-7.692,40.614,-57.445,Clase 2
19641,-6.181,6.867,19.145,-1.982,249.454,205.532,Clase 2
19746,-6.497,-0.916,0.147,44.736,-250.813,34.646,Clase 2
19851,-4.103,-0.73,7.066,-17.7,249.454,37.685,Clase 2
19956,-4.723,11.74,8.917,38.606,-250.813,-36.071,Clase 2
20062,-5.42,0.264,1.287,17.026,249.454,77.295,Clase 2
20166,-0.339,16.818,7.727,37.033,-250.813,-146.43,Clase 2
20272,-6.215,-2.039,-1.684,29.003,249.454,188.631,Clase 2
20377,-3.856,13.257,3.09,65.575,-250.813,-248.69,Clase 2
20482,-6.195,-2.075,1.969,-16.493,249.454,182.074,Clase 2
20587,-5.331,5.201,-4.648,-5.089,-250.813,-248.69,Clase 2
20692,-4.783,5.187,-9.501,-22.837,249.454,246.769,Clase 2
20797,-14.197,1.057,10.605,35.308,-250.813,-248.69,Clase 2
20902,6.705,17.969,-20.081,-57.799,206.927,108.685,Clase 2
21006,6.705,17.969,-20.081,-57.799,206.927,108.685,Clase 2
21111,0.259,-0.196,4.191,-18.471,56.881,-34.071,Clase 2
21217,0.29,-2.405,11.072,-95.158,32.347,25.982,Clase 2
21321,-3.667,-1.752,10.244,-88.898,-18.974,-41.659,Clase 2
21427,-0.72,-4.773,9.872,-90.257,-80.775,0.898,Clase 2
21532,-1.0,-3.564,9.765,-79.86,-14.401,-19.789,Clase 2
21637,-0.26,-4.591,8.663,-0.532,-0.439,-1.606,Clase 1
21742,-0.332,-4.182,8.927,0.904,-0.142,-1.094,Clase 1
21847,-0.296,-4.333,8.771,-4.234,-0.729,-0.896,Clase 1
21952,-0.378,-4.256,8.774,-1.646,-0.172,-0.262,Clase 1
22056,-0.342,-4.292,8.845,2.071,-0.172,0.211,Clase 1
22162,-0.349,-4.187,8.786,2.278,0.194,0.532,Clase 1
22266,-0.411,-4.136,8.814,1.346,0.019,0.333,Clase 1
22371,-0.399,-4.124,8.862,2.896,0.171,0.425,Clase 1
22476,-0.39,-4.115,9.018,1.278,-0.012,0.196,Clase 1
22581,-0.394,-4.124,8.927,2.232,0.179,0.31,Clase 1
22686,-0.339,-4.045,9.011,1.659,-0.042,0.081,Clase 1
22791,-0.43,-4.007,9.011,1.575,0.133,0.173,Clase 1
22896,-0.425,-4.038,8.987,1.3,-0.004,0.097,Clase 1
23001,-0.366,-3.969,9.023,-1.051,-0.676,-0.483,Clase 1
23106,-0.428,-3.911,8.91,2.644,0.019,0.02,Clase 1
23211,-0.401,-3.947,8.948,2.728,0.034,0.463,Clase 1
23315,-0.39,-4.144,9.035,8.56,0.675,1.402,Clase 1
23420,-0.401,-4.081,8.893,11.987,1.118,2.654,Clase 1
23525,-0.428,-3.911,8.979,3.033,0.255,0.692,Clase 1
23630,-0.392,-3.966,8.958,2.468,0.072,0.501,Clase 1
23735,-0.378,-3.875,8.951,1.812,0.087,0.242,Clase 1
23840,-0.368,-3.878,9.094,0.209,-0.103,-0.056,Clase 1
23945,-0.43,-3.849,9.032,0.789,-0.042,0.227,Clase 1
